timestamp,lat,long,value1
1483225534.0,30.13400078,202.3079987,1.33E+11
1483225535.0,30.0890007,202.3569946,1.31E+11
1483225536.0,30.04299927,202.4060059,1.34E+11
1483225537.0,29.99799919,202.4559937,1.34E+11
1483225538.0,29.95299911,202.5050049,1.34E+11
1483225539.0,29.90699959,202.5549927,1.33E+11
1483225540.0,29.86199951,202.6040039,1.35E+11
1483225541.0,29.81599998,202.6529999,1.33E+11
1483225542.0,29.77099991,202.7019958,1.34E+11
1483225543.0,29.72500038,202.7510071,1.34E+11
1483225544.0,29.67900085,202.8000031,1.32E+11
1483225545.0,29.63299942,202.848999,1.32E+11
1483225546.0,29.58799934,202.897995,1.33E+11
1483225547.0,29.54199982,202.9470062,1.35E+11
1483225548.0,29.49600029,202.9960022,1.33E+11
1483225549.0,29.45100021,203.0449982,1.36E+11
1483225550.0,29.40500069,203.0930023,1.33E+11
1483225551.0,29.35899925,203.1419983,1.32E+11
1483225552.0,29.31299973,203.1900024,1.33E+11
1483225553.0,29.26799965,203.2389984,1.31E+11
1483225554.0,29.22200012,203.2879944,1.33E+11
1483225555.0,29.1760006,203.3359985,1.29E+11
1483225556.0,29.12999916,203.3840027,1.27E+11
1483225557.0,29.08399963,203.4329987,1.32E+11
1483225558.0,29.03800011,203.4810028,1.32E+11
1483225559.0,28.99300003,203.529007,1.31E+11
1483225560.0,28.9470005,203.5780029,1.29E+11
1483225561.0,28.90099907,203.6260071,1.29E+11
1483225562.0,28.85499954,203.673996,1.28E+11
1483225563.0,28.80900002,203.7220001,1.3E+11
1483225564.0,28.76300049,203.7700043,1.28E+11
1483225565.0,28.71699905,203.8179932,1.32E+11
1483225566.0,28.67099953,203.8659973,1.28E+11
1483225567.0,28.62400055,203.9140015,1.29E+11
1483225568.0,28.57799911,203.9620056,1.3E+11
1483225569.0,28.53199959,204.0099945,1.3E+11
1483225570.0,28.48600006,204.0570068,1.26E+11
1483225571.0,28.43899918,204.1060028,1.29E+11
1483225572.0,28.39299965,204.1529999,1.28E+11
1483225573.0,28.34700012,204.201004,1.27E+11
1483225574.0,28.3010006,204.2480011,1.27E+11
1483225575.0,28.25499916,204.2960052,1.26E+11
1483225576.0,28.20800018,204.3430023,1.27E+11
1483225577.0,28.16200066,204.3910065,1.25E+11
1483225578.0,28.11599922,204.4380035,1.26E+11
1483225579.0,28.06900024,204.4859924,1.27E+11
1483225580.0,28.02300072,204.5330048,1.25E+11
1483225581.0,27.97699928,204.5809937,1.25E+11
1483225582.0,27.93000031,204.628006,1.26E+11
1483225583.0,27.88400078,204.6750031,1.29E+11
1483225584.0,27.83799934,204.7220001,1.27E+11
1483225585.0,27.79100037,204.7689972,1.26E+11
1483225586.0,27.74399948,204.8170013,1.26E+11
1483225587.0,27.69799995,204.8639984,1.26E+11
1483225588.0,27.65099907,204.9100037,1.27E+11
1483225589.0,27.60499954,204.9570007,1.27E+11
1483225590.0,27.55800056,205.0039978,1.28E+11
1483225591.0,27.51199913,205.0509949,1.25E+11
1483225592.0,27.46500015,205.0980072,1.26E+11
1483225593.0,27.41900063,205.1450043,1.27E+11
1483225594.0,27.37199974,205.1909943,1.26E+11
1483225595.0,27.32600021,205.2380066,1.28E+11
1483225596.0,27.27899933,205.2850037,1.29E+11
1483225597.0,27.23200035,205.3309937,1.3E+11
1483225598.0,27.18499947,205.378006,1.3E+11
1483225599.0,27.13800049,205.4250031,1.32E+11
1483225600.0,27.09199905,205.470993,1.31E+11
1483225601.0,27.04500008,205.5180054,1.3E+11
1483225602.0,26.99799919,205.5639954,1.32E+11
1483225603.0,26.95100021,205.6100006,1.32E+11
1483225604.0,26.90500069,205.6560059,1.34E+11
1483225605.0,26.8579998,205.7030029,1.35E+11
1483225606.0,26.81100082,205.7489929,1.35E+11
1483225607.0,26.76399994,205.7949982,1.37E+11
1483225608.0,26.71699905,205.8410034,1.42E+11
1483225609.0,26.67099953,205.8869934,1.37E+11
1483225610.0,26.62400055,205.9329987,1.41E+11
1483225611.0,26.57699966,205.9799957,1.42E+11
1483225612.0,26.53000069,206.026001,1.43E+11
1483225613.0,26.4829998,206.0720062,1.42E+11
1483225614.0,26.43600082,206.1179962,1.43E+11
1483225615.0,26.38899994,206.1640015,1.48E+11
1483225616.0,26.34199905,206.2089996,1.45E+11
1483225617.0,26.29500008,206.2550049,1.47E+11
1483225618.0,26.24699974,206.3009949,1.48E+11
1483225619.0,26.20100021,206.345993,1.48E+11
1483225620.0,26.15299988,206.3919983,1.52E+11
1483225621.0,26.10700035,206.4380035,1.51E+11
1483225622.0,26.05900002,206.4830017,1.5E+11
1483225623.0,26.01199913,206.529007,1.53E+11
1483225624.0,25.96500015,206.5740051,1.53E+11
1483225625.0,25.91699982,206.6199951,1.54E+11
1483225626.0,25.87000084,206.6649933,1.56E+11
1483225627.0,25.82299995,206.7109985,1.57E+11
1483225628.0,25.77599907,206.7559967,1.55E+11
1483225629.0,25.72900009,206.8009949,1.58E+11
1483225630.0,25.68099976,206.8470001,1.6E+11
1483225631.0,25.63400078,206.8919983,1.58E+11
1483225632.0,25.58699989,206.9369965,1.58E+11
1483225633.0,25.54000092,206.9819946,1.59E+11
1483225634.0,25.49200058,207.0269928,1.59E+11
1483225635.0,25.44499969,207.0720062,1.59E+11
1483225636.0,25.39800072,207.1170044,1.64E+11
1483225637.0,25.35000038,207.1620026,1.67E+11
1483225638.0,25.3029995,207.2070007,1.67E+11
1483225639.0,25.25600052,207.2519989,1.67E+11
1483225640.0,25.20800018,207.2969971,1.63E+11
1483225641.0,25.15999985,207.3419952,1.69E+11
1483225642.0,25.11300087,207.3869934,1.69E+11
1483225643.0,25.06500053,207.4320068,1.7E+11
1483225644.0,25.01799965,207.477005,1.76E+11
1483225645.0,24.96999931,207.5209961,1.7E+11
1483225646.0,24.92300034,207.5659943,1.78E+11
1483225647.0,24.875,207.6100006,1.76E+11
1483225648.0,24.82799911,207.6549988,1.79E+11
1483225649.0,24.78000069,207.6990051,1.77E+11
1483225650.0,24.73200035,207.7440033,1.8E+11
1483225651.0,24.68499947,207.7879944,1.8E+11
1483225652.0,24.63699913,207.8329926,1.8E+11
1483225653.0,24.5890007,207.8769989,1.81E+11
1483225654.0,24.54199982,207.9219971,1.84E+11
1483225655.0,24.49399948,207.9660034,1.81E+11
1483225656.0,24.4470005,208.0099945,1.86E+11
1483225657.0,24.39900017,208.0549927,1.86E+11
1483225658.0,24.35099983,208.098999,1.88E+11
1483225659.0,24.30400085,208.1430054,1.86E+11
1483225660.0,24.25600052,208.1869965,1.9E+11
1483225661.0,24.20800018,208.2310028,1.85E+11
1483225662.0,24.15999985,208.2749939,1.86E+11
1483225663.0,24.11199951,208.3190002,1.87E+11
1483225664.0,24.06500053,208.3630066,1.89E+11
1483225665.0,24.0170002,208.4069977,1.88E+11
1483225666.0,23.96899986,208.451004,1.91E+11
1483225667.0,23.92099953,208.4949951,1.88E+11
1483225668.0,23.87299919,208.5390015,1.89E+11
1483225669.0,23.82600021,208.5829926,1.87E+11
1483225670.0,23.77799988,208.6260071,1.93E+11
1483225671.0,23.72999954,208.6699982,1.88E+11
1483225672.0,23.68199921,208.7140045,1.9E+11
1483225673.0,23.63400078,208.7570038,1.92E+11
1483225674.0,23.58499908,208.8009949,1.93E+11
1483225675.0,23.53700066,208.8450012,1.89E+11
1483225676.0,23.48900032,208.8880005,1.95E+11
1483225677.0,23.44099998,208.9320068,1.9E+11
1483225678.0,23.39299965,208.9759979,1.91E+11
1483225679.0,23.34499931,209.0189972,1.91E+11
1483225681.0,23.24900055,209.1060028,1.95E+11
1483225682.0,23.20100021,209.1490021,1.9E+11
1483225683.0,23.15299988,209.1920013,1.91E+11
1483225684.0,23.10499954,209.2359924,1.94E+11
1483225685.0,23.05699921,209.279007,1.95E+11
1483225686.0,23.00900078,209.3220062,1.94E+11
1483225687.0,22.96100044,209.3650055,1.97E+11
1483225688.0,22.91300011,209.4080048,1.97E+11
1483225689.0,22.86499977,209.451004,1.99E+11
1483225690.0,22.81599998,209.4949951,2.02E+11
1483225691.0,22.76799965,209.5379944,2E+11
1483225692.0,22.71999931,209.5809937,1.99E+11
1483225693.0,22.67200089,209.6239929,2.02E+11
1483225694.0,22.62400055,209.6670074,2.02E+11
1483225695.0,22.57500076,209.7100067,2.02E+11
1483225696.0,22.52599907,209.753006,2.06E+11
1483225697.0,22.47800064,209.7960052,2.07E+11
1483225698.0,22.43000031,209.8379974,2.1E+11
1483225699.0,22.38199997,209.8809967,2.06E+11
1483225700.0,22.33300018,209.923996,2.08E+11
1483225701.0,22.28499985,209.9669952,2.1E+11
1483225702.0,22.23600006,210.0099945,2.11E+11
1483225703.0,22.18799973,210.052002,2.08E+11
1483225704.0,22.13999939,210.0950012,2.12E+11
1483225705.0,22.0909996,210.1369934,2.12E+11
1483225706.0,22.04299927,210.1799927,2.16E+11
1483225707.0,21.99500084,210.2230072,2.12E+11
1483225708.0,21.94599915,210.2649994,2.2E+11
1483225709.0,21.89800072,210.3070068,2.14E+11
1483225710.0,21.84900093,210.3500061,2.17E+11
1483225711.0,21.8010006,210.3919983,2.2E+11
1483225712.0,21.75200081,210.4349976,2.19E+11
1483225713.0,21.70299911,210.477005,2.22E+11
1483225714.0,21.65500069,210.5200043,2.21E+11
1483225715.0,21.6060009,210.5619965,2.19E+11
1483225716.0,21.55800056,210.6040039,2.21E+11
1483225717.0,21.50900078,210.6459961,2.25E+11
1483225718.0,21.46100044,210.6880035,2.25E+11
1483225719.0,21.41200066,210.7299957,2.26E+11
1483225720.0,21.36400032,210.772995,2.29E+11
1483225721.0,21.31500053,210.8150024,2.3E+11
1483225722.0,21.26600075,210.8569946,2.29E+11
1483225723.0,21.21699905,210.8990021,2.32E+11
1483225724.0,21.16900063,210.9409943,2.3E+11
1483225725.0,21.12000084,210.9830017,2.27E+11
1483225726.0,21.0720005,211.0249939,2.34E+11
1483225727.0,21.02300072,211.0670013,2.37E+11
1483225728.0,20.97400093,211.1089935,2.39E+11
1483225729.0,20.9260006,211.151001,2.42E+11
1483225730.0,20.87700081,211.1929932,2.44E+11
1483225731.0,20.82799911,211.2339935,2.39E+11
1483225732.0,20.77899933,211.276001,2.45E+11
1483225733.0,20.72999954,211.3179932,2.38E+11
1483225734.0,20.68199921,211.3600006,2.43E+11
1483225735.0,20.63299942,211.401001,2.44E+11
1483225736.0,20.58399963,211.4429932,2.46E+11
1483225737.0,20.53499985,211.4839935,2.45E+11
1483225738.0,20.48699951,211.526001,2.49E+11
1483225739.0,20.43799973,211.5670013,2.49E+11
1483225740.0,20.38899994,211.6089935,2.54E+11
1483225741.0,20.34000015,211.6499939,2.51E+11
1483225742.0,20.29100037,211.6920013,2.52E+11
1483225743.0,20.24200058,211.7339935,2.5E+11
1483225744.0,20.19300079,211.7749939,2.56E+11
1483225745.0,20.1439991,211.8170013,2.53E+11
1483225746.0,20.09499931,211.8580017,2.54E+11
1483225747.0,20.04599953,211.8990021,2.56E+11
1483225748.0,19.99699974,211.9409943,2.57E+11
1483225749.0,19.94799995,211.9819946,2.58E+11
1483225750.0,19.89900017,212.022995,2.59E+11
1483225751.0,19.85000038,212.0639954,2.56E+11
1483225752.0,19.80200005,212.1060028,2.59E+11
1483225753.0,19.75300026,212.1470032,2.59E+11
1483225754.0,19.70400047,212.1880035,2.53E+11
1483225755.0,19.65500069,212.2290039,2.43E+11
1483225756.0,19.6060009,212.2700043,2.31E+11
1483225757.0,19.55699921,212.3110046,2.31E+11
1483225758.0,19.50799942,212.352005,2.41E+11
1483225759.0,19.45800018,212.3930054,2.3E+11
1483225760.0,19.4090004,212.4340057,2.29E+11
1483225761.0,19.35899925,212.4750061,2.21E+11
1483225762.0,19.30999947,212.5160065,2.21E+11
1483225763.0,19.26099968,212.5570068,2.24E+11
1483225764.0,19.21199989,212.5980072,2.18E+11
1483225765.0,19.16300011,212.6390076,2.09E+11
1483225766.0,19.11400032,212.6799927,2.04E+11
1483225767.0,19.06500053,212.720993,2.12E+11
1483225768.0,19.01600075,212.7610016,2.03E+11
1483225769.0,18.9659996,212.802002,1.96E+11
1483225770.0,18.91699982,212.8430023,1.85E+11
1483225771.0,18.86800003,212.8829956,1.93E+11
1483225772.0,18.81900024,212.923996,2.09E+11
1483225773.0,18.77000046,212.9649963,2.11E+11
1483225774.0,18.72100067,213.0050049,2.02E+11
1483225775.0,18.67099953,213.0460052,2.13E+11
1483225776.0,18.62199974,213.0859985,1.96E+11
1483225777.0,18.57299995,213.1269989,2.01E+11
1483225778.0,18.52400017,213.1670074,1.86E+11
1483225779.0,18.47400093,213.2079926,1.93E+11
1483225780.0,18.42399979,213.2489929,1.93E+11
1483225781.0,18.375,213.2890015,1.88E+11
1483225782.0,18.32600021,213.3289948,1.85E+11
1483225783.0,18.27599907,213.3699951,1.95E+11
1483225784.0,18.22699928,213.4100037,2.01E+11
1483225785.0,18.1779995,213.4499969,2.01E+11
1483225786.0,18.12899971,213.4909973,1.92E+11
1483225787.0,18.07900047,213.5310059,2.03E+11
1483225788.0,18.03000069,213.5709991,2.14E+11
1483225789.0,17.97999954,213.6119995,2.03E+11
1483225790.0,17.93099976,213.6519928,1.96E+11
1483225791.0,17.88100052,213.6920013,1.95E+11
1483225792.0,17.83200073,213.7319946,1.95E+11
1483225793.0,17.78300095,213.7720032,2.09E+11
1483225794.0,17.7329998,213.8119965,2.22E+11
1483225795.0,17.68400002,213.852005,2.26E+11
1483225796.0,17.63400078,213.8919983,2.22E+11
1483225797.0,17.58499908,213.9320068,2.18E+11
1483225798.0,17.53499985,213.9720001,2.02E+11
1483225799.0,17.48600006,214.0119934,2.23E+11
1483225800.0,17.43600082,214.052002,2.16E+11
1483225801.0,17.38599968,214.0919952,2.26E+11
1483225802.0,17.33699989,214.1320038,2.23E+11
1483225803.0,17.28800011,214.1719971,2.17E+11
1483225804.0,17.23800087,214.2120056,2.15E+11
1483225805.0,17.18799973,214.2519989,2.44E+11
1483225806.0,17.13899994,214.2920074,2.59E+11
1483225807.0,17.0890007,214.3320007,2.26E+11
1483225808.0,17.04000092,214.3710022,2.43E+11
1483225809.0,16.98999977,214.4109955,2.4E+11
1483225810.0,16.94000053,214.451004,2.44E+11
1483225811.0,16.89100075,214.4900055,2.66E+11
1483225812.0,16.8409996,214.5299988,2.59E+11
1483225813.0,16.79100037,214.5700073,2.46E+11
1483225814.0,16.74200058,214.6089935,2.51E+11
1483225815.0,16.69199944,214.6490021,2.69E+11
1483225816.0,16.64299965,214.6880035,2.63E+11
1483225817.0,16.59300041,214.7279968,2.74E+11
1483225818.0,16.54299927,214.7669983,2.9E+11
1483225819.0,16.49399948,214.8070068,2.95E+11
1483225820.0,16.44400024,214.845993,2.84E+11
1483225821.0,16.3939991,214.8860016,2.99E+11
1483225822.0,16.34499931,214.9250031,3.02E+11
1483225823.0,16.29500008,214.9649963,3.13E+11
1483225824.0,16.24500084,215.0039978,3.02E+11
1483225825.0,16.19499969,215.0440063,3.19E+11
1483225826.0,16.14500046,215.0829926,3.1E+11
1483225827.0,16.09600067,215.1230011,3.48E+11
1483225828.0,16.04500008,215.1620026,3.33E+11
1483225829.0,15.99600029,215.201004,3.38E+11
1483225830.0,15.9460001,215.2400055,3.54E+11
1483225831.0,15.89599991,215.2799988,3.5E+11
1483225832.0,15.84599972,215.3190002,3.26E+11
1483225833.0,15.79599953,215.3580017,3.63E+11
1483225834.0,15.74699974,215.3970032,3.49E+11
1483225835.0,15.69699955,215.4369965,3.54E+11
1483225836.0,15.64700031,215.4759979,3.58E+11
1483225837.0,15.59700012,215.5149994,3.54E+11
1483225838.0,15.54699993,215.5540009,3.58E+11
1483225839.0,15.49800014,215.5930023,3.53E+11
1483225840.0,15.44799995,215.6320038,3.56E+11
1483225841.0,15.39799976,215.6710052,3.68E+11
1483225842.0,15.34799957,215.7100067,3.83E+11
1483225843.0,15.29800034,215.7489929,3.78E+11
1483225844.0,15.24800014,215.7879944,3.78E+11
1483225845.0,15.19799995,215.8269958,3.96E+11
1483225846.0,15.14799976,215.8659973,4E+11
1483225847.0,15.09899998,215.9049988,3.89E+11
1483225848.0,15.04800034,215.9440002,4.22E+11
1483225849.0,14.99800014,215.9830017,4.19E+11
1483225850.0,14.94799995,216.0220032,4.24E+11
1483225851.0,14.89799976,216.0610046,4.14E+11
1483225852.0,14.84799957,216.1000061,4.2E+11
1483225853.0,14.79800034,216.1380005,4.36E+11
1483225854.0,14.74800014,216.177002,4.35E+11
1483225855.0,14.69799995,216.2160034,4.43E+11
1483225856.0,14.64799976,216.2550049,4.39E+11
1483225857.0,14.59799957,216.2929993,4.54E+11
1483225858.0,14.54800034,216.3320007,4.62E+11
1483225859.0,14.49800014,216.3710022,4.67E+11
1483225860.0,14.44799995,216.4089966,4.61E+11
1483225861.0,14.39799976,216.447998,4.77E+11
1483225862.0,14.34799957,216.4859924,4.86E+11
1483225863.0,14.29800034,216.5249939,4.9E+11
1483225864.0,14.24800014,216.5639954,5.1E+11
1483225865.0,14.19799995,216.602005,5.26E+11
1483225866.0,14.14799976,216.6410065,5.34E+11
1483225867.0,14.09799957,216.6790009,5.4E+11
1483225868.0,14.04699993,216.7180023,5.59E+11
1483225869.0,13.99699974,216.7570038,5.72E+11
1483225870.0,13.94699955,216.7949982,5.85E+11
1483225871.0,13.89700031,216.8329926,6E+11
1483225872.0,13.84599972,216.871994,6.19E+11
1483225873.0,13.79599953,216.9100037,6.24E+11
1483225874.0,13.74600029,216.9490051,6.41E+11
1483225875.0,13.6960001,216.9869995,6.52E+11
1483225876.0,13.64599991,217.0249939,6.59E+11
1483225877.0,13.59599972,217.0639954,6.76E+11
1483225878.0,13.54599953,217.102005,6.89E+11
1483225879.0,13.49600029,217.1410065,7E+11
1483225880.0,13.44499969,217.1790009,6.99E+11
1483225881.0,13.39500046,217.2169952,7.29E+11
1483225882.0,13.34500027,217.2550049,7.22E+11
1483225883.0,13.29500008,217.2940063,7.2E+11
1483225884.0,13.24499989,217.3320007,7.37E+11
1483225885.0,13.19400024,217.3699951,7.23E+11
1483225886.0,13.14400005,217.4080048,7.3E+11
1483225887.0,13.09399986,217.4459991,7.49E+11
1483225888.0,13.04300022,217.4839935,7.44E+11
1483225889.0,12.99300003,217.5220032,7.52E+11
1483225890.0,12.94299984,217.5599976,7.56E+11
1483225891.0,12.8920002,217.598999,7.73E+11
1483225892.0,12.84200001,217.6369934,7.43E+11
1483225893.0,12.79199982,217.6750031,7.65E+11
1483225894.0,12.74100018,217.7129974,7.65E+11
1483225895.0,12.69099998,217.7519989,7.87E+11
1483225896.0,12.64099979,217.7899933,7.73E+11
1483225897.0,12.5909996,217.8280029,7.7E+11
1483225898.0,12.53999996,217.8659973,7.79E+11
1483225899.0,12.48999977,217.9029999,7.89E+11
1483225900.0,12.43999958,217.9409943,7.82E+11
1483225901.0,12.38899994,217.9790039,8.05E+11
1483225902.0,12.33899975,218.0169983,7.97E+11
1483225903.0,12.28899956,218.0549927,8.07E+11
1483225904.0,12.23900032,218.0930023,7.98E+11
1483225905.0,12.18799973,218.1309967,8.22E+11
1483225906.0,12.13799953,218.1690063,8.12E+11
1483225907.0,12.08699989,218.2059937,8.5E+11
1483225908.0,12.03600025,218.2440033,8.41E+11
1483225909.0,11.98600006,218.2819977,8.95E+11
1483225910.0,11.93599987,218.3200073,8.76E+11
1483225911.0,11.88500023,218.3569946,8.77E+11
1483225912.0,11.83500004,218.3950043,9.01E+11
1483225913.0,11.7840004,218.4329987,9.28E+11
1483225914.0,11.73400021,218.470993,9.19E+11
1483225915.0,11.68400002,218.5090027,9.16E+11
1483225916.0,11.63300037,218.5460052,9.11E+11
1483225917.0,11.58300018,218.5839996,9.31E+11
1483225918.0,11.53199959,218.621994,9.26E+11
1483225919.0,11.48200035,218.6600037,9.44E+11
1483225920.0,11.43099976,218.6970062,9.44E+11
1483225921.0,11.38099957,218.7350006,9.66E+11
1483225922.0,11.33100033,218.772995,9.56E+11
1483225923.0,11.27999973,218.8099976,9.58E+11
1483225924.0,11.22999954,218.8480072,9.54E+11
1483225925.0,11.1789999,218.8849945,9.58E+11
1483225926.0,11.12899971,218.9230042,9.79E+11
1483225927.0,11.07800007,218.9600067,9.85E+11
1483225928.0,11.02700043,218.9980011,9.71E+11
1483225929.0,10.97700024,219.0350037,9.97E+11
1483225930.0,10.92599964,219.072998,9.81E+11
1483225931.0,10.875,219.1100006,1.01E+12
1483225932.0,10.82499981,219.147995,9.96E+11
1483225933.0,10.77400017,219.1849976,1.02E+12
1483225934.0,10.72399998,219.2220001,1.02E+12
1483225935.0,10.67300034,219.2599945,1.03E+12
1483225936.0,10.62300014,219.2969971,1.03E+12
1483225937.0,10.57199955,219.3350067,1.05E+12
1483225938.0,10.52200031,219.371994,1.03E+12
1483225939.0,10.47099972,219.4089966,1.05E+12
1483225940.0,10.42099953,219.4470062,1.06E+12
1483225941.0,10.36999989,219.4839935,1.08E+12
1483225942.0,10.31999969,219.5209961,1.03E+12
1483225943.0,10.26900005,219.5579987,1.07E+12
1483225944.0,10.21899986,219.595993,1.06E+12
1483225945.0,10.16800022,219.6340027,1.07E+12
1483225946.0,10.11699963,219.6710052,1.08E+12
1483225947.0,10.06599998,219.7079926,1.08E+12
1483225948.0,10.01599979,219.7460022,1.06E+12
1483225949.0,9.965000153,219.7830048,1.09E+12
1483225950.0,9.914999962,219.8200073,1.1E+12
1483225951.0,9.86400032,219.8569946,1.11E+12
1483225952.0,9.812999725,219.8939972,1.11E+12
1483225953.0,9.762000084,219.9320068,1.1E+12
1483225954.0,9.711999893,219.9689941,1.11E+12
1483225955.0,9.661000252,220.0059967,1.13E+12
1483225956.0,9.609999657,220.0429993,1.14E+12
1483225957.0,9.56000042,220.0800018,1.12E+12
1483225958.0,9.508999825,220.1170044,1.12E+12
1483225959.0,9.458999634,220.154007,1.12E+12
1483225960.0,9.407999992,220.1909943,1.14E+12
1483225961.0,9.357000351,220.2279968,1.14E+12
1483225962.0,9.30700016,220.2649994,1.15E+12
1483225963.0,9.255999565,220.302002,1.14E+12
1483225964.0,9.204999924,220.3390045,1.16E+12
1483225965.0,9.154999733,220.3760071,1.14E+12
1483225966.0,9.104000092,220.4129944,1.14E+12
1483225967.0,9.05300045,220.451004,1.17E+12
1483225968.0,9.001999855,220.4880066,1.14E+12
1483225969.0,8.951999664,220.5249939,1.16E+12
1483225970.0,8.901000023,220.5619965,1.16E+12
1483225971.0,8.850000381,220.598999,1.18E+12
1483225972.0,8.798999786,220.6360016,1.15E+12
1483225973.0,8.748000145,220.6730042,1.19E+12
1483225974.0,8.697999954,220.7100067,1.18E+12
1483225975.0,8.647000313,220.746994,1.19E+12
1483225976.0,8.595999718,220.7839966,1.17E+12
1483225977.0,8.545000076,220.8209991,1.16E+12
1483225978.0,8.494999886,220.8580017,1.18E+12
1483225979.0,8.444000244,220.8939972,1.18E+12
1483225980.0,8.392999649,220.9309998,1.21E+12
1483225981.0,8.342000008,220.9680023,1.21E+12
1483225982.0,8.291999817,221.0050049,1.19E+12
1483225983.0,8.241000175,221.0420074,1.21E+12
1483225984.0,8.18999958,221.0789948,1.19E+12
1483225985.0,8.138999939,221.1150055,1.24E+12
1483225986.0,8.088999748,221.1519928,1.19E+12
1483225987.0,8.038000107,221.1889954,1.24E+12
1483225988.0,7.986999989,221.2259979,1.25E+12
1483225989.0,7.93599987,221.2619934,1.22E+12
1483225990.0,7.885000229,221.298996,1.23E+12
1483225991.0,7.835000038,221.3359985,1.23E+12
1483225992.0,7.782999992,221.3730011,1.22E+12
1483225993.0,7.731999874,221.4100037,1.25E+12
1483225994.0,7.68200016,221.4459991,1.22E+12
1483225995.0,7.631000042,221.4839935,1.25E+12
1483225996.0,7.579999924,221.5200043,1.24E+12
1483225997.0,7.528999805,221.5570068,1.26E+12
1483225998.0,7.478000164,221.5939941,1.27E+12
1483225999.0,7.427999973,221.6300049,1.3E+12
1483226000.0,7.376999855,221.6670074,1.27E+12
1483226001.0,7.326000214,221.7039948,1.29E+12
1483226002.0,7.275000095,221.7400055,1.28E+12
1483226003.0,7.223999977,221.7769928,1.28E+12
1483226004.0,7.172999859,221.8130035,1.28E+12
1483226005.0,7.123000145,221.8500061,1.29E+12
1483226006.0,7.072000027,221.8869934,1.3E+12
1483226007.0,7.020999908,221.9230042,1.32E+12
1483226008.0,6.96999979,221.9600067,1.29E+12
1483226009.0,6.919000149,221.9960022,1.3E+12
1483226010.0,6.867000103,222.0330048,1.28E+12
1483226011.0,6.816999912,222.0690002,1.3E+12
1483226012.0,6.765999794,222.1060028,1.29E+12
1483226013.0,6.715000153,222.1419983,1.31E+12
1483226014.0,6.664000034,222.1790009,1.28E+12
1483226015.0,6.612999916,222.2149963,1.31E+12
1483226016.0,6.561999798,222.2519989,1.3E+12
1483226017.0,6.511000156,222.2879944,1.31E+12
1483226018.0,6.460999966,222.3249969,1.31E+12
1483226019.0,6.409999847,222.3619995,1.31E+12
1483226020.0,6.359000206,222.397995,1.28E+12
1483226021.0,6.308000088,222.4349976,1.33E+12
1483226022.0,6.256999969,222.470993,1.3E+12
1483226023.0,6.205999851,222.5079956,1.3E+12
1483226024.0,6.15500021,222.5449982,1.31E+12
1483226025.0,6.104000092,222.5809937,1.32E+12
1483226026.0,6.052000046,222.6170044,1.3E+12
1483226027.0,6.001999855,222.654007,1.33E+12
1483226028.0,5.951000214,222.6900024,1.33E+12
1483226029.0,5.900000095,222.727005,1.35E+12
1483226030.0,5.848999977,222.7630005,1.36E+12
1483226031.0,5.797999859,222.798996,1.34E+12
1483226032.0,5.747000217,222.8359985,1.33E+12
1483226033.0,5.696000099,222.871994,1.35E+12
1483226034.0,5.644999981,222.9080048,1.33E+12
1483226035.0,5.593999863,222.9450073,1.36E+12
1483226036.0,5.543000221,222.9810028,1.33E+12
1483226037.0,5.492000103,223.0169983,1.34E+12
1483226038.0,5.440999985,223.0540009,1.35E+12
1483226039.0,5.390999794,223.0899963,1.38E+12
1483226040.0,5.340000153,223.1260071,1.36E+12
1483226041.0,5.289000034,223.1629944,1.36E+12
1483226042.0,5.237999916,223.1990051,1.36E+12
1483226043.0,5.186999798,223.2350006,1.36E+12
1483226044.0,5.136000156,223.2720032,1.35E+12
1483226045.0,5.085000038,223.3079987,1.38E+12
1483226046.0,5.032999992,223.3450012,1.36E+12
1483226047.0,4.981999874,223.3809967,1.37E+12
1483226048.0,4.931000233,223.4170074,1.34E+12
1483226049.0,4.880000114,223.4539948,1.35E+12
1483226050.0,4.828999996,223.4900055,1.36E+12
1483226051.0,4.777999878,223.526001,1.35E+12
1483226052.0,4.727000237,223.5630035,1.34E+12
1483226053.0,4.676000118,223.598999,1.38E+12
1483226054.0,4.625,223.6349945,1.36E+12
1483226055.0,4.573999882,223.6710052,1.35E+12
1483226056.0,4.522999763,223.7079926,1.34E+12
1483226057.0,4.472000122,223.7440033,1.35E+12
1483226058.0,4.421000004,223.7799988,1.34E+12
1483226059.0,4.369999886,223.8159943,1.35E+12
1483226060.0,4.318999767,223.852005,1.35E+12
1483226061.0,4.268000126,223.8890076,1.32E+12
1483226062.0,4.217000008,223.9250031,1.33E+12
1483226063.0,4.165999889,223.9609985,1.33E+12
1483226064.0,4.114999771,223.996994,1.31E+12
1483226065.0,4.06400013,224.0330048,1.34E+12
1483226066.0,4.012000084,224.0690002,1.31E+12
1483226067.0,3.960999966,224.1060028,1.35E+12
1483226068.0,3.910000086,224.1419983,1.31E+12
1483226069.0,3.858999968,224.1779938,1.34E+12
1483226070.0,3.808000088,224.2140045,1.33E+12
1483226071.0,3.756999969,224.25,1.33E+12
1483226072.0,3.70600009,224.2859955,1.31E+12
1483226073.0,3.654999971,224.3220062,1.35E+12
1483226074.0,3.604000092,224.3600006,1.3E+12
1483226075.0,3.552999973,224.3959961,1.36E+12
1483226076.0,3.502000093,224.4320068,1.32E+12
1483226077.0,3.450999975,224.4680023,1.35E+12
1483226078.0,3.400000095,224.5039978,1.35E+12
1483226079.0,3.348999977,224.5399933,1.32E+12
1483226080.0,3.298000097,224.576004,1.32E+12
1483226081.0,3.246999979,224.6119995,1.33E+12
1483226082.0,3.196000099,224.647995,1.33E+12
1483226083.0,3.144999981,224.6840057,1.32E+12
1483226084.0,3.094000101,224.7200012,1.31E+12
1483226085.0,3.042999983,224.7570038,1.35E+12
1483226086.0,2.990999937,224.7929993,1.29E+12
1483226087.0,2.940000057,224.8289948,1.33E+12
1483226088.0,2.888999939,224.8650055,1.28E+12
1483226089.0,2.838000059,224.901001,1.31E+12
1483226090.0,2.786999941,224.9369965,1.31E+12
1483226091.0,2.736000061,224.9730072,1.32E+12
1483226092.0,2.684999943,225.0090027,1.3E+12
1483226093.0,2.634000063,225.0449982,1.32E+12
1483226094.0,2.582999945,225.0809937,1.31E+12
1483226095.0,2.532000065,225.1170044,1.3E+12
1483226096.0,2.480999947,225.1529999,1.3E+12
1483226097.0,2.430000067,225.1889954,1.31E+12
1483226098.0,2.378999949,225.2250061,1.28E+12
1483226099.0,2.328000069,225.2610016,1.32E+12
1483226100.0,2.27699995,225.2969971,1.29E+12
1483226101.0,2.226000071,225.3339996,1.31E+12
1483226102.0,2.174000025,225.3699951,1.28E+12
1483226103.0,2.122999907,225.4060059,1.27E+12
1483226104.0,2.072000027,225.4420013,1.29E+12
1483226105.0,2.020999908,225.4779968,1.27E+12
1483226106.0,1.968999982,225.5140076,1.27E+12
1483226107.0,1.917999983,225.5500031,1.27E+12
1483226108.0,1.866999984,225.5859985,1.27E+12
1483226109.0,1.815999985,225.621994,1.28E+12
1483226110.0,1.764999986,225.6580048,1.29E+12
1483226111.0,1.713999987,225.6940002,1.27E+12
1483226112.0,1.662999988,225.7299957,1.26E+12
1483226113.0,1.611999989,225.7660065,1.28E+12
1483226114.0,1.56099999,225.802002,1.25E+12
1483226115.0,1.50999999,225.8379974,1.28E+12
1483226117.0,1.458999991,225.8739929,1.25E+12
1483226118.0,1.407999992,225.9100037,1.29E+12
1483226118.0,1.356999993,225.9459991,1.27E+12
1483226120.0,1.305999994,225.9819946,1.27E+12
1483226121.0,1.253999949,226.0180054,1.29E+12
1483226122.0,1.202999949,226.0540009,1.28E+12
1483226123.0,1.15199995,226.0899963,1.25E+12
1483226124.0,1.100999951,226.1260071,1.26E+12
1483226125.0,1.049999952,226.1620026,1.27E+12
1483226126.0,0.999000013,226.197998,1.28E+12
1483226127.0,0.948000014,226.2339935,1.26E+12
1483226128.0,0.897000015,226.2700043,1.28E+12
1483226129.0,0.845000029,226.3059998,1.24E+12
1483226130.0,0.79400003,226.3419952,1.26E+12
1483226131.0,0.742999971,226.378006,1.25E+12
1483226132.0,0.691999972,226.4140015,1.27E+12
1483226133.0,0.640999973,226.451004,1.27E+12
1483226134.0,0.589999974,226.4869995,1.26E+12
1483226135.0,0.538999975,226.522995,1.24E+12
1483226136.0,0.486999989,226.5590057,1.27E+12
1483226137.0,0.43599999,226.5939941,1.22E+12
1483226138.0,0.38499999,226.6300049,1.22E+12
1483226139.0,0.333999991,226.6660004,1.23E+12
1483226140.0,0.282999992,226.7019958,1.23E+12
1483226141.0,0.231999993,226.7380066,1.23E+12
1483226142.0,0.180999994,226.7740021,1.23E+12
1483226143.0,0.129999995,226.8099976,1.23E+12
1483226144.0,0.079000004,226.845993,1.21E+12
1483226145.0,0.028000001,226.8820038,1.22E+12
1483226146.0,-0.023,226.9179993,1.23E+12
1483226147.0,-0.074000001,226.9539948,1.23E+12
1483226148.0,-0.126000002,226.9900055,1.22E+12
1483226149.0,-0.177000001,227.026001,1.22E+12
1483226150.0,-0.228,227.0619965,1.24E+12
1483226151.0,-0.280000001,227.0980072,1.21E+12
1483226152.0,-0.331,227.1340027,1.21E+12
1483226153.0,-0.381999999,227.1699982,1.22E+12
1483226154.0,-0.432999998,227.2059937,1.21E+12
1483226155.0,-0.483999997,227.2420044,1.22E+12
1483226156.0,-0.535000026,227.2779999,1.23E+12
1483226157.0,-0.586000025,227.3139954,1.21E+12
1483226158.0,-0.637000024,227.3500061,1.22E+12
1483226159.0,-0.688000023,227.3849945,1.23E+12
1483226160.0,-0.739000022,227.4219971,1.2E+12
1483226161.0,-0.790000021,227.4579926,1.23E+12
1483226162.0,-0.841000021,227.4940033,1.22E+12
1483226163.0,-0.89200002,227.5299988,1.18E+12
1483226164.0,-0.943000019,227.5659943,1.22E+12
1483226165.0,-0.994000018,227.602005,1.17E+12
1483226166.0,-1.044999957,227.6380005,1.21E+12
1483226167.0,-1.095999956,227.673996,1.2E+12
1483226168.0,-1.149000049,227.7100067,1.22E+12
1483226169.0,-1.200000048,227.7460022,1.21E+12
1483226170.0,-1.251000047,227.7819977,1.19E+12
1483226171.0,-1.302000046,227.8179932,1.21E+12
1483226172.0,-1.353000045,227.8540039,1.19E+12
1483226173.0,-1.404000044,227.8899994,1.19E+12
1483226174.0,-1.455000043,227.9259949,1.2E+12
1483226175.0,-1.506000042,227.9620056,1.21E+12
1483226176.0,-1.557000041,227.9980011,1.19E+12
1483226177.0,-1.60800004,228.0339966,1.17E+12
1483226178.0,-1.659000039,228.0700073,1.19E+12
1483226179.0,-1.710000038,228.1060028,1.19E+12
1483226180.0,-1.761000037,228.1419983,1.16E+12
1483226181.0,-1.812000036,228.1779938,1.19E+12
1483226182.0,-1.863000035,228.2140045,1.17E+12
1483226183.0,-1.914000034,228.25,1.17E+12
1483226184.0,-1.965000033,228.2859955,1.2E+12
1483226185.0,-2.016000032,228.3220062,1.2E+12
1483226186.0,-2.066999912,228.3580017,1.18E+12
1483226187.0,-2.118000031,228.3939972,1.18E+12
1483226188.0,-2.170000076,228.4299927,1.18E+12
1483226189.0,-2.221999884,228.4669952,1.15E+12
1483226190.0,-2.273000002,228.503006,1.19E+12
1483226191.0,-2.323999882,228.5390015,1.17E+12
1483226192.0,-2.375,228.5749969,1.18E+12
1483226193.0,-2.426000118,228.6109924,1.17E+12
1483226194.0,-2.476999998,228.6470032,1.18E+12
1483226195.0,-2.528000116,228.6829987,1.18E+12
1483226196.0,-2.578999996,228.7189941,1.18E+12
1483226197.0,-2.630000114,228.7550049,1.21E+12
1483226198.0,-2.680999994,228.7910004,1.18E+12
1483226199.0,-2.732000113,228.8269958,1.15E+12
1483226200.0,-2.782999992,228.8630066,1.18E+12
1483226201.0,-2.834000111,228.8990021,1.18E+12
1483226202.0,-2.88499999,228.9349976,1.18E+12
1483226203.0,-2.936000109,228.970993,1.18E+12
1483226204.0,-2.986999989,229.0070038,1.15E+12
1483226205.0,-3.038000107,229.0429993,1.16E+12
1483226206.0,-3.088999987,229.0789948,1.17E+12
1483226207.0,-3.140000105,229.1150055,1.16E+12
1483226208.0,-3.190999985,229.151001,1.15E+12
1483226209.0,-3.243000031,229.1869965,1.17E+12
1483226210.0,-3.29399991,229.223999,1.15E+12
1483226211.0,-3.345000029,229.2599945,1.16E+12
1483226212.0,-3.395999908,229.2960052,1.15E+12
1483226213.0,-3.447000027,229.3320007,1.14E+12
1483226214.0,-3.497999907,229.3679962,1.16E+12
1483226215.0,-3.549000025,229.404007,1.14E+12
1483226216.0,-3.599999905,229.4409943,1.14E+12
1483226217.0,-3.651000023,229.477005,1.14E+12
1483226218.0,-3.701999903,229.5130005,1.12E+12
1483226219.0,-3.753000021,229.548996,1.14E+12
1483226220.0,-3.803999901,229.5859985,1.15E+12
1483226221.0,-3.855000019,229.621994,1.13E+12
1483226222.0,-3.905999899,229.6580048,1.15E+12
1483226223.0,-3.957000017,229.6940002,1.13E+12
1483226224.0,-4.007999897,229.7299957,1.15E+12
1483226225.0,-4.059999943,229.7660065,1.14E+12
1483226226.0,-4.111000061,229.802002,1.12E+12
1483226227.0,-4.162000179,229.8379974,1.13E+12
1483226228.0,-4.212999821,229.875,1.13E+12
1483226229.0,-4.263999939,229.9109955,1.12E+12
1483226230.0,-4.315000057,229.9470062,1.13E+12
1483226231.0,-4.366000175,229.9830017,1.14E+12
1483226232.0,-4.415999889,230.0189972,1.13E+12
1483226233.0,-4.467000008,230.0549927,1.13E+12
1483226234.0,-4.518000126,230.0919952,1.11E+12
1483226235.0,-4.568999767,230.128006,1.11E+12
1483226236.0,-4.619999886,230.1640015,1.1E+12
1483226237.0,-4.671000004,230.1999969,1.1E+12
1483226238.0,-4.722000122,230.2359924,1.09E+12
1483226239.0,-4.772999763,230.272995,1.09E+12
1483226240.0,-4.823999882,230.3090057,1.14E+12
1483226241.0,-4.875,230.3450012,1.07E+12
1483226242.0,-4.926000118,230.3820038,1.11E+12
1483226243.0,-4.977000237,230.4179993,1.11E+12
1483226244.0,-5.028999805,230.4550018,1.12E+12
1483226245.0,-5.079999924,230.4909973,1.12E+12
1483226246.0,-5.131000042,230.5269928,1.1E+12
1483226247.0,-5.181000233,230.5639954,1.11E+12
1483226248.0,-5.231999874,230.6000061,1.11E+12
1483226249.0,-5.282999992,230.6360016,1.11E+12
1483226250.0,-5.334000111,230.6719971,1.13E+12
1483226251.0,-5.385000229,230.7089996,1.11E+12
1483226252.0,-5.43599987,230.7449951,1.12E+12
1483226253.0,-5.486999989,230.7810059,1.12E+12
1483226254.0,-5.538000107,230.8179932,1.13E+12
1483226255.0,-5.589000225,230.8540039,1.12E+12
1483226256.0,-5.639999866,230.8899994,1.13E+12
1483226257.0,-5.690999985,230.927002,1.09E+12
1483226258.0,-5.741000175,230.9629974,1.14E+12
1483226259.0,-5.791999817,230.9989929,1.1E+12
1483226260.0,-5.842999935,231.0359955,1.13E+12
1483226261.0,-5.894000053,231.0720062,1.13E+12
1483226262.0,-5.945000172,231.1080017,1.13E+12
1483226263.0,-5.997000217,231.1450043,1.11E+12
1483226264.0,-6.047999859,231.1809998,1.13E+12
1483226265.0,-6.09800005,231.2169952,1.12E+12
1483226266.0,-6.149000168,231.2539978,1.13E+12
1483226267.0,-6.199999809,231.2910004,1.12E+12
1483226268.0,-6.250999928,231.3269958,1.15E+12
1483226269.0,-6.302000046,231.3630066,1.14E+12
1483226270.0,-6.353000164,231.3999939,1.11E+12
1483226271.0,-6.403999805,231.4360046,1.12E+12
1483226272.0,-6.453999996,231.4730072,1.12E+12
1483226273.0,-6.505000114,231.5099945,1.1E+12
1483226274.0,-6.556000233,231.5460052,1.12E+12
1483226275.0,-6.606999874,231.5829926,1.12E+12
1483226276.0,-6.657999992,231.6190033,1.14E+12
1483226277.0,-6.709000111,231.6560059,1.12E+12
1483226278.0,-6.758999825,231.6920013,1.14E+12
1483226279.0,-6.809999943,231.7290039,1.11E+12
1483226280.0,-6.861000061,231.7649994,1.14E+12
1483226281.0,-6.912000179,231.802002,1.12E+12
1483226282.0,-6.962999821,231.8379974,1.13E+12
1483226283.0,-7.013999939,231.875,1.13E+12
1483226284.0,-7.065000057,231.9109955,1.13E+12
1483226285.0,-7.116000175,231.947998,1.13E+12
1483226286.0,-7.166999817,231.9839935,1.15E+12
1483226287.0,-7.217000008,232.0209961,1.13E+12
1483226288.0,-7.268000126,232.0579987,1.14E+12
1483226289.0,-7.318999767,232.0939941,1.1E+12
1483226290.0,-7.369999886,232.1309967,1.12E+12
1483226291.0,-7.421000004,232.1679993,1.14E+12
1483226292.0,-7.471000195,232.2050018,1.13E+12
1483226293.0,-7.521999836,232.2409973,1.13E+12
1483226294.0,-7.572999954,232.2779999,1.14E+12
1483226295.0,-7.624000072,232.3139954,1.12E+12
1483226296.0,-7.673999786,232.3509979,1.13E+12
1483226297.0,-7.724999905,232.3880005,1.11E+12
1483226298.0,-7.776000023,232.423996,1.12E+12
1483226299.0,-7.827000141,232.4609985,1.12E+12
1483226300.0,-7.876999855,232.4980011,1.14E+12
1483226301.0,-7.927999973,232.5350037,1.13E+12
1483226302.0,-7.979000092,232.5720062,1.14E+12
1483226303.0,-8.029999733,232.6080017,1.11E+12
1483226304.0,-8.081000328,232.6450043,1.14E+12
1483226305.0,-8.131999969,232.6820068,1.11E+12
1483226306.0,-8.18200016,232.7180023,1.12E+12
1483226307.0,-8.232999802,232.7550049,1.13E+12
1483226308.0,-8.284000397,232.7920074,1.12E+12
1483226309.0,-8.335000038,232.8289948,1.1E+12
1483226310.0,-8.385000229,232.8659973,1.1E+12
1483226311.0,-8.43599987,232.9019928,1.13E+12
1483226312.0,-8.487000465,232.9389954,1.14E+12
1483226313.0,-8.536999702,232.9759979,1.13E+12
1483226314.0,-8.588000298,233.0130005,1.11E+12
1483226315.0,-8.638999939,233.0500031,1.11E+12
1483226316.0,-8.68900013,233.0859985,1.12E+12
1483226317.0,-8.739999771,233.1230011,1.13E+12
1483226318.0,-8.791000366,233.1600037,1.1E+12
1483226319.0,-8.840999603,233.1970062,1.1E+12
1483226320.0,-8.892000198,233.2350006,1.15E+12
1483226321.0,-8.94299984,233.2720032,1.11E+12
1483226322.0,-8.993000031,233.3090057,1.14E+12
1483226323.0,-9.043999672,233.345993,1.13E+12
1483226324.0,-9.095000267,233.3829956,1.15E+12
1483226325.0,-9.145999908,233.4199982,1.13E+12
1483226326.0,-9.196000099,233.4570007,1.13E+12
1483226327.0,-9.246999741,233.4940033,1.14E+12
1483226328.0,-9.298000336,233.5310059,1.14E+12
1483226329.0,-9.348999977,233.5679932,1.12E+12
1483226330.0,-9.399000168,233.6049957,1.13E+12
1483226331.0,-9.449999809,233.6419983,1.14E+12
1483226332.0,-9.5,233.6790009,1.12E+12
1483226333.0,-9.550999641,233.7160034,1.13E+12
1483226334.0,-9.602000237,233.753006,1.14E+12
1483226335.0,-9.652000427,233.7899933,1.15E+12
1483226336.0,-9.703000069,233.8269958,1.15E+12
1483226337.0,-9.753000259,233.8639984,1.13E+12
1483226338.0,-9.803999901,233.901001,1.13E+12
1483226339.0,-9.854000092,233.9380035,1.11E+12
1483226341.0,-9.954999924,234.0130005,1.13E+12
1483226342.0,-10.00599957,234.0500031,1.14E+12
1483226343.0,-10.05700016,234.0870056,1.1E+12
1483226344.0,-10.10700035,234.1239929,1.12E+12
1483226345.0,-10.15799999,234.1609955,1.09E+12
1483226346.0,-10.20800018,234.1990051,1.13E+12
1483226347.0,-10.25899982,234.2369995,1.12E+12
1483226348.0,-10.31000042,234.2740021,1.14E+12
1483226349.0,-10.35999966,234.3110046,1.13E+12
1483226350.0,-10.41100025,234.3480072,1.11E+12
1483226351.0,-10.46100044,234.3860016,1.12E+12
1483226352.0,-10.51200008,234.4230042,1.13E+12
1483226353.0,-10.56200027,234.4600067,1.13E+12
1483226354.0,-10.61299992,234.496994,1.14E+12
1483226355.0,-10.66300011,234.5350037,1.13E+12
1483226356.0,-10.71399975,234.5720062,1.15E+12
1483226357.0,-10.76399994,234.6089935,1.11E+12
1483226358.0,-10.81499958,234.6470032,1.14E+12
1483226359.0,-10.86499977,234.6840057,1.12E+12
1483226360.0,-10.91499996,234.7220001,1.13E+12
1483226361.0,-10.9659996,234.7590027,1.13E+12
1483226362.0,-11.0170002,234.7960052,1.15E+12
1483226363.0,-11.06700039,234.8339996,1.15E+12
1483226364.0,-11.11699963,234.8710022,1.16E+12
1483226365.0,-11.16800022,234.9089966,1.16E+12
1483226366.0,-11.21899986,234.9470062,1.14E+12
1483226367.0,-11.26900005,234.9839935,1.16E+12
1483226368.0,-11.31999969,235.0220032,1.16E+12
1483226369.0,-11.36999989,235.0590057,1.17E+12
1483226370.0,-11.42000008,235.0970001,1.16E+12
1483226371.0,-11.47099972,235.1340027,1.17E+12
1483226372.0,-11.52099991,235.1719971,1.17E+12
1483226374.0,-11.62199974,235.2480011,1.17E+12
1483226375.0,-11.67199993,235.2850037,1.18E+12
1483226376.0,-11.72200012,235.322998,1.17E+12
1483226377.0,-11.77299976,235.3600006,1.17E+12
1483226378.0,-11.82299995,235.397995,1.2E+12
1483226379.0,-11.87300014,235.4360046,1.17E+12
1483226380.0,-11.92399979,235.4730072,1.17E+12
1483226381.0,-11.97399998,235.5110016,1.18E+12
1483226382.0,-12.02400017,235.548996,1.19E+12
1483226383.0,-12.07499981,235.5870056,1.18E+12
1483226384.0,-12.125,235.6239929,1.21E+12
1483226385.0,-12.17500019,235.6620026,1.2E+12
1483226386.0,-12.22599983,235.6999969,1.19E+12
1483226387.0,-12.27700043,235.7380066,1.22E+12
1483226388.0,-12.32699966,235.7749939,1.22E+12
1483226389.0,-12.37699986,235.8130035,1.22E+12
1483226390.0,-12.42700005,235.8509979,1.22E+12
1483226391.0,-12.47700024,235.8890076,1.22E+12
1483226392.0,-12.52799988,235.927002,1.2E+12
1483226393.0,-12.57800007,235.9649963,1.23E+12
1483226394.0,-12.62800026,236.0039978,1.21E+12
1483226395.0,-12.67800045,236.0410004,1.22E+12
1483226396.0,-12.72900009,236.0789948,1.26E+12
1483226397.0,-12.77900028,236.1170044,1.24E+12
1483226398.0,-12.82900047,236.1549988,1.22E+12
1483226399.0,-12.87899971,236.1929932,1.23E+12
1483226400.0,-12.9289999,236.2310028,1.24E+12
1483226401.0,-12.97900009,236.2689972,1.25E+12
1483226402.0,-13.02999973,236.3070068,1.23E+12
1483226403.0,-13.07999992,236.3450012,1.21E+12
1483226404.0,-13.13000011,236.3840027,1.24E+12
1483226405.0,-13.18000031,236.4219971,1.23E+12
1483226406.0,-13.22999954,236.4600067,1.24E+12
1483226407.0,-13.28100014,236.4980011,1.25E+12
1483226408.0,-13.33100033,236.5359955,1.24E+12
1483226409.0,-13.38099957,236.5740051,1.25E+12
1483226410.0,-13.43099976,236.6119995,1.26E+12
1483226411.0,-13.48200035,236.651001,1.24E+12
1483226412.0,-13.53199959,236.6889954,1.27E+12
1483226413.0,-13.58199978,236.727005,1.25E+12
1483226414.0,-13.63199997,236.7649994,1.28E+12
1483226415.0,-13.68200016,236.8040009,1.24E+12
1483226416.0,-13.73200035,236.8419952,1.27E+12
1483226417.0,-13.78199959,236.8800049,1.28E+12
1483226418.0,-13.83199978,236.9190063,1.3E+12
1483226419.0,-13.88199997,236.9570007,1.29E+12
1483226420.0,-13.93200016,236.9960022,1.3E+12
1483226421.0,-13.98200035,237.0339966,1.26E+12
1483226422.0,-14.03199959,237.072998,1.31E+12
1483226423.0,-14.08199978,237.1109924,1.28E+12
1483226424.0,-14.13199997,237.1499939,1.3E+12
1483226425.0,-14.18200016,237.1880035,1.3E+12
1483226426.0,-14.2329998,237.2259979,1.32E+12
1483226427.0,-14.28299999,237.2649994,1.3E+12
1483226428.0,-14.33300018,237.3029938,1.31E+12
1483226429.0,-14.38300037,237.3419952,1.33E+12
1483226430.0,-14.43299961,237.3800049,1.34E+12
1483226431.0,-14.48200035,237.4190063,1.32E+12
1483226432.0,-14.53199959,237.4579926,1.34E+12
1483226433.0,-14.58199978,237.4960022,1.33E+12
1483226434.0,-14.63199997,237.5350037,1.34E+12
1483226435.0,-14.68200016,237.572998,1.34E+12
1483226436.0,-14.73200035,237.6119995,1.36E+12
1483226437.0,-14.78199959,237.651001,1.34E+12
1483226438.0,-14.83199978,237.6889954,1.35E+12
1483226439.0,-14.88199997,237.7290039,1.34E+12
1483226440.0,-14.93200016,237.7680054,1.34E+12
1483226441.0,-14.98099995,237.8059998,1.36E+12
1483226442.0,-15.03100014,237.8450012,1.37E+12
1483226443.0,-15.08100033,237.8840027,1.39E+12
1483226444.0,-15.13099957,237.9230042,1.35E+12
1483226445.0,-15.18099976,237.9620056,1.36E+12
1483226446.0,-15.23099995,238.0010071,1.4E+12
1483226447.0,-15.28100014,238.0390015,1.37E+12
1483226448.0,-15.33100033,238.0780029,1.36E+12
1483226449.0,-15.38099957,238.1170044,1.36E+12
1483226450.0,-15.43000031,238.1560059,1.39E+12
1483226451.0,-15.47999954,238.1950073,1.37E+12
1483226452.0,-15.52999973,238.2339935,1.38E+12
1483226453.0,-15.57999992,238.272995,1.37E+12
1483226454.0,-15.62899971,238.3119965,1.4E+12
1483226455.0,-15.6789999,238.3509979,1.38E+12
1483226456.0,-15.72900009,238.3899994,1.41E+12
1483226457.0,-15.77900028,238.4290009,1.38E+12
1483226458.0,-15.82800007,238.4680023,1.41E+12
1483226459.0,-15.87800026,238.5070038,1.41E+12
1483226460.0,-15.92800045,238.5469971,1.37E+12
1483226461.0,-15.97700024,238.5870056,1.43E+12
1483226462.0,-16.02700043,238.6260071,1.4E+12
1483226463.0,-16.07699966,238.6649933,1.4E+12
1483226464.0,-16.12599945,238.7039948,1.41E+12
1483226465.0,-16.17700005,238.7429962,1.38E+12
1483226466.0,-16.22599983,238.7830048,1.4E+12
1483226467.0,-16.27599907,238.8220062,1.38E+12
1483226468.0,-16.32500076,238.8609924,1.4E+12
1483226469.0,-16.375,238.901001,1.4E+12
1483226470.0,-16.42499924,238.9400024,1.39E+12
1483226471.0,-16.47400093,238.9790039,1.39E+12
1483226472.0,-16.52400017,239.0189972,1.36E+12
1483226473.0,-16.5739994,239.0579987,1.4E+12
1483226474.0,-16.62299919,239.0970001,1.4E+12
1483226475.0,-16.67300034,239.1369934,1.39E+12
1483226476.0,-16.72200012,239.1759949,1.35E+12
1483226477.0,-16.77199936,239.2160034,1.37E+12
1483226478.0,-16.82099915,239.2559967,1.4E+12
1483226479.0,-16.87100029,239.2960052,1.41E+12
1483226480.0,-16.92000008,239.3350067,1.41E+12
1483226481.0,-16.96999931,239.375,1.42E+12
1483226482.0,-17.0189991,239.4140015,1.41E+12
1483226483.0,-17.06900024,239.4539948,1.43E+12
1483226484.0,-17.11800003,239.4940033,1.42E+12
1483226485.0,-17.16799927,239.5330048,1.42E+12
1483226486.0,-17.21699905,239.572998,1.43E+12
1483226487.0,-17.2670002,239.6130066,1.44E+12
1483226488.0,-17.31599998,239.6529999,1.42E+12
1483226489.0,-17.36599922,239.6929932,1.41E+12
1483226490.0,-17.41500092,239.7319946,1.43E+12
1483226491.0,-17.4640007,239.7720032,1.38E+12
1483226492.0,-17.51399994,239.8119965,1.43E+12
1483226493.0,-17.56399918,239.852005,1.44E+12
1483226494.0,-17.61300087,239.8919983,1.44E+12
1483226495.0,-17.66300011,239.9320068,1.43E+12
1483226496.0,-17.71199989,239.9720001,1.43E+12
1483226497.0,-17.76099968,240.0119934,1.43E+12
1483226498.0,-17.80999947,240.052002,1.44E+12
1483226499.0,-17.86000061,240.0919952,1.45E+12
1483226500.0,-17.9090004,240.1320038,1.44E+12
1483226501.0,-17.95800018,240.1730042,1.43E+12
1483226502.0,-18.00799942,240.2129974,1.45E+12
1483226503.0,-18.05699921,240.253006,1.44E+12
1483226504.0,-18.1060009,240.2929993,1.47E+12
1483226505.0,-18.15500069,240.3329926,1.46E+12
1483226506.0,-18.20499992,240.3730011,1.47E+12
1483226507.0,-18.25399971,240.4140015,1.5E+12
1483226508.0,-18.3029995,240.4539948,1.48E+12
1483226509.0,-18.35199928,240.4940033,1.48E+12
1483226510.0,-18.40200043,240.5339966,1.51E+12
1483226511.0,-18.45100021,240.5749969,1.5E+12
1483226512.0,-18.5,240.6150055,1.5E+12
1483226513.0,-18.54999924,240.6549988,1.5E+12
1483226514.0,-18.59900093,240.6959991,1.51E+12
1483226515.0,-18.64800072,240.7359924,1.49E+12
1483226516.0,-18.6970005,240.7769928,1.51E+12
